"Product Name",Category,"Parts No","Rack No","Column No","Available unit","Unit type","Brand Name"
"Valve 0230-08",Electrical,,,,,2.00,Pcs,
"Water Flow Controler",Electrical,,,,,0.00,Pcs,
"Glow Plug ",Electrical,,,,,1.00,Pcs,
"PCB Carket Board",Electrical,,,,,0.00,Pcs,
"Soldering Iron  60 W",Electrical,,,,,5.00,Pcs,
"PC 817 Opho Cippter",Electrical,,,,,0.00,Pcs,
"Soldering Iron coil  300 W",Electrical,,,,,8.00,Pcs,
"LED (RED+Yellow)",Electrical,,,,,0.00,Pcs,
"Soldering Iron coil  200 W",Electrical,,,,,16.00,Pcs,
"Inverter FRD704 380v",Electrical,,,,,0.00,Pcs,
"Soldering Iron Heater 150 W",Electrical,,,,,15.00,Pcs,
"PCB Relay 14 pin 24v dc",Electrical,,,,,0.00,Pcs,
"Contactor Base ",Electrical,,,,,28.00,Pcs,
"Inverter FRD740",Electrical,,,,,0.00,Pcs,
"L.T Control Switch Reversing ",Electrical,,,,,5.00,Pcs,
"Show Unit Coil ",Electrical,,,,,0.00,Pcs,
"Contack Block /Module",Electrical,,,,,2.00,Pcs,
"50 Module 100A Contact ABB",Electrical,,,,,0.00,Pcs,
"Control Switch Revering ",Electrical,,,,,4.00,Pcs,
"Ceramic Heater",Electrical,,,,,0.00,Pcs,
"Water Valve ",Electrical,,,,,4.00,Pcs,
"Fottes Relay",Electrical,,,,,0.00,Pcs,
"Relay DC",Electrical,,,,,60.00,Pcs,
"Servo Drive ",Electrical,,,,,0.00,Pcs,
"Relay 14 PIN",Electrical,,,,,4.00,Pcs,
"Flow Switch",Electrical,,,,,0.00,Pcs,
"Contactor Base ",Electrical,,,,,8.00,Pcs,
"Compelete Motor",Electrical,,,,,0.00,Pcs,
"Cable Lug",Electrical,,,,,5.00,Pcs,
"Submersible Over Load 25a",Electrical,,,,,0.00,Pcs,
"Electronic Time Recoder Ribbon ",Electrical,,,,,10.00,Pcs,
"FOS 9945 8 Pin IC",Electrical,,,,,0.00,Pcs,
"All Size Pencil Heater ",Electrical,,,,,108.00,Pcs,
"4 Pin IC, Pin, Jack ",Electrical,,,,,0.00,Pcs,
"Push Button Switch all size ",Electrical,,,,,227.00,Pcs,
"MA 4820",Electrical,,,,,0.00,Pcs,
"Push Button Switch Big ",Electrical,,,,,18.00,Pcs,
"CM2N 60F",Electrical,,,,,0.00,Pcs,
" Stop Push Button Switch ",Electrical,,,,,43.00,Pcs,
"Lod Unlod Piston",Electrical,,,,,0.00,Pcs,
"Valve 4H210-8",Electrical,,,,,1.00,Pcs,
"Solonoid Coil",Electrical,,,,,0.00,Pcs,
"Big Size Colling Fan ",Electrical,,,,,1.00,Pcs,
"Blow down Valve Kit",Electrical,,,,,0.00,Pcs,
"Small Size Colling Fan ",Electrical,,,,,19.00,Pcs,
"F2 Hakg50 Intak Valve Kit",Electrical,,,,,0.00,Pcs,
"Protection Curnent Coil ",Electrical,,,,,3.00,Pcs,
"Drive Coupling Element",Electrical,,,,,0.00,Pcs,
"Universal Switch ",Electrical,,,,,6.00,Pcs,
"Pressure Control ",Electrical,,,,,4.00,Pcs,
"Dircction OF Flow",Electrical,,,,,3.00,Pcs,
"Control Switch ",Electrical,,,,,2.00,box,
"FIRE Alarm",Electrical,,,,,5.00,Pcs,
"Tube Light Set ",Electrical,,,,,2.00,Pcs,
"Pressure Miter ",Electrical,,,,,10.00,Pcs,
"Contack Block ",Electrical,,,,,4.00,Pcs,
"Pressure Miter  Big Size ",Electrical,,,,,4.00,Pcs,
"Magentic  Contoller  40 A",Electrical,,,,,5.00,Pcs,
"Thermal Overload  10 A",Electrical,,,,,1.00,Pcs,
"Load Sell 300KG ",Electrical,,,,,1.00,Pcs,
"Spray ",Electrical,,,,,5.00,Pcs,
"Water Seal ",Electrical,,,,,31.00,Pcs,
"Joy Stick ",Electrical,,,,,6.00,Pcs,
"DA.CO Gum",Electrical,,,,,35.00,Pcs,
"White Cement ",Electrical,,,,,9.00,KG,
"Air Break (power )Contactor 70A",Electrical,,,,,1.00,Pcs,
"Power Supply",Electrical,,,,,3.00,Pcs,
"Power Supply Big ",Electrical,,,,,2.00,Pcs,
"Cam Switch",Electrical,,,,,6.00,Pcs,
"Auto Drain Valve ",Electrical,,,,,4.00,Pcs,
"Thermal Overload Relay",Electrical,,,,,1.00,Pcs,
"LED Lamp ",Electrical,,,,,1.00,Pcs,
"On Off Switch",Electrical,,,,,2.00,Pcs,
"Fuse Cutout 60A",Electrical,,,,,1.00,Pcs,
"Lote Seal ",Electrical,,,,,5.00,Pcs,
"Cutout all size ",Electrical,,,,,10.00,Pcs,
"Bote R07-200",Electrical,,,,,11.00,Pcs,
"PVC Channel",Electrical,,,,,83.00,Pcs,
"Compressure Dryer Filter",Electrical,,,,,0.00,Pcs,
"Protection Current Coil",Electrical,,,,,0.00,Pcs,
"P.V.C Fan Pakha ",Electrical,,,,,0.00,Pcs,
"Magnatic Sensor 24V DC",Electrical,,,,,0.00,Pcs,
"Air Filter Regulator for B.C.S M/C",Electrical,,,,,0.00,Pcs,
"Pressure Mitre",Electrical,,,,,0.00,Pcs,
"MK Box Cover",Electrical,,,,,0.00,Pcs,
"Table Fan Capacitor 4.5",Electrical,,,,,0.00,Pcs,
"Magnetic Connector 220v",Electrical,,,,,0.00,Pcs,
"Motor Protection switch",Electrical,,,,,0.00,Pcs,
"Mangnetic Contacor 50A",Electrical,,,,,0.00,Pcs,
"Mangnetic Contacor 24 v Dc",Electrical,,,,,0.00,Pcs,
"Power Supply Cell ",Electrical,,,,,0.00,Pcs,
"Magnetic Connector 2.84 A",Electrical,,,,,0.00,Pcs,
"Magnetic Connector 10A",Electrical,,,,,0.00,Pcs,
"Air Break Power Connector 220v",Electrical,,,,,0.00,Pcs,
"Joy Stick Controller",Electrical,,,,,0.00,Pcs,
"Cutout ",Electrical,,,,,0.00,Pcs,
"Tube Light Set 100 A",Electrical,,,,,0.00,Pcs,
"Magnetic Contactor 90 A",Electrical,,,,,0.00,Pcs,
"Magnetic Contactor 40 A",Electrical,,,,,0.00,Pcs,
"High Voltage Magnate Bar ",Electrical,,,,,0.00,Pcs,
"Water Seal (All size)",Electrical,,,,,0.00,Pcs,
"Over Load Relay 2.1A",Electrical,,,,,0.00,Pcs,
"Hydrolic Solonide Valve ",Electrical,,,,,0.00,Pcs,
"Thermal Overload Relay 12-18",Electrical,,,,,0.00,Pcs,
"Over Load Relay 2.5 A",Electrical,,,,,0.00,Pcs,
"Over Load Relay 12-18",Electrical,,,,,0.00,Pcs,
"Over Load Relay 0.54-0.08 A",Electrical,,,,,0.00,Pcs,
"Over Load Relay 0.63-1 A",Electrical,,,,,0.00,Pcs,
"Over Load Relay 4-6 A",Electrical,,,,,0.00,Pcs,
"Fuse 40A HRC",Electrical,,,,,0.00,Pcs,
"High Voltage Generator ",Electrical,,,,,0.00,Pcs,
"Controll Box",Electrical,,,,,0.00,Pcs,
"Bereal Heater ",Electrical,,,,,0.00,Pcs,
"Thread Tape",Electrical,,,,,0.00,Pcs,
"pvc Tape",Electrical,,,,,0.00,Pcs,
"Bed Switch ",Electrical,,,,,0.00,Pcs,
"2 Pin Socket",Electrical,,,,,0.00,Pcs,
"2 Pin Plug",Electrical,,,,,0.00,Pcs,
"Led Power Supply ",Electrical,,,,,0.00,Pcs,
Holder,Electrical,,,,,0.00,Pcs,
"Peano Switch",Electrical,,,,,0.00,Pcs,
Cable.,Electrical,,,,,0.00,Pcs,
"Multi Socket",Electrical,,,,,0.00,Pcs,
"Soldering Iron small / Big",Electrical,,,,,0.00,Pcs,
"Led Sarfas ",Electrical,,,,,0.00,Pcs,
"Dryer Filter ",Electrical,,,,,0.00,Pcs,
"CPU Module(24v supply)",Electrical,,,,,0.00,Pcs,
"Ceramic Heater Cover",Electrical,,,,,0.00,Pcs,
"1 way Switch",Electrical,,,,,0.00,Pcs,
"Carbon Plate",Electrical,,,,,0.00,Pcs,
"Carbon Seal (Ata Lamination)",Electrical,,,,,0.00,Pcs,
"SDB Box",Electrical,,,,,0.00,Pcs,
"Carbon Seal Big",Electrical,,,,,0.00,Pcs,
"ONN/OFF Switch",Electrical,,,,,0.00,Pcs,
"Motor Protactor 25-32",Electrical,,,,,0.00,Pcs,
"Diod Cable",Electrical,,,,,0.00,Pcs,
"Battery ",Electrical,,,,,0.00,Pcs,
"RTV Gum",Electrical,,,,,0.00,Pcs,
"Silicon Gum",Electrical,,,,,0.00,Pcs,
"Pilot Rode",Electrical,,,,,0.00,Pcs,
"Break Show",Electrical,,,,,0.00,Pcs,
"Relay (U-2)",Electrical,,,,,0.00,Pcs,
"Pigesion Air Regulator",Electrical,,,,,0.00,Pcs,
Diod,Electrical,,,,,0.00,Pcs,
"Motor Fan Plastic",Electrical,,,,,0.00,Pcs,
Digit,Electrical,,,,,0.00,Pcs,
"Double Stick Air Cylinder",Electrical,,,,,0.00,Pcs,
"High Pressure Mitre",Electrical,,,,,0.00,Pcs,
"HT Cable",Electrical,,,,,0.00,Pcs,
"Limit Switch (U-2)",Electrical,,,,,0.00,Pcs,
"Pest Killer",Electrical,,,,,0.00,Pcs,
Retrifire,Electrical,,,,,0.00,Pcs,
"Sensor Cable",Electrical,,,,,0.00,Pcs,
"P.C.B Card",Electrical,,,,,0.00,Pcs,
"Hydrolic Bais",Electrical,,,,,0.00,Pcs,
"Heat Proof Pipe",Electrical,,,,,0.00,Pcs,
"Flash Light(U-2)",Electrical,,,,,0.00,Pcs,
"Zener ",Electrical,,,,,0.00,Pcs,
"Clutch Magnet",Electrical,,,,,0.00,Pcs,
"Positioner Single Acting",Electrical,,,,,0.00,Pcs,
"Carbon For Bond LAMI",Electrical,,,,,0.00,Pcs,
"LED Metal Light 100w colour",Electrical,,,,,0.00,Pcs,
"Apperal Unit",Electrical,,,,,0.00,Pcs,
"NICROM WIRE",Electrical,,,,,0.00,Pcs,
"Rotary Joint(Lami)",Electrical,,,,,0.00,Pcs,
"Bulb 5W",Electrical,,,,,0.00,Pcs,
Supporter,Electrical,,,,,0.00,Pcs,
"Power Supply ",Electrical,,,,,0.00,Pcs,
"Liner Bolt",Electrical,,,,,0.00,Pcs,
"Air Cylinder (B.C.S)",Electrical,,,,,0.00,Pcs,
"Ear Muff",Electrical,,,,,0.00,Pcs,
"Oil Filter",Electrical,,,,,0.00,Pcs,
"Air Filter ",Electrical,,,,,0.00,Pcs,
"Oil Pressure Mitre",Electrical,,,,,0.00,Pcs,
"Pneumatic Cylinder",Electrical,,,,,0.00,Pcs,
"Ring Set",Electrical,,,,,0.00,Pcs,
"Ceramic holder",Electrical,,,,,0.00,Pcs,
"Filter Guess Generator",Electrical,,,,,0.00,Pcs,
"Tourch Light",Electrical,,,,,0.00,Pcs,
M-Seal,Electrical,,,,,0.00,Pcs,
Fan,Electrical,,,,,0.00,Pcs,
"WD 40 spray",Electrical,,,,,0.00,Pcs,
"Magnate Sensor Valbe",Electrical,,,,,0.00,Pcs,
"SCALE BATTERY",Electrical,,,,,0.00,Pcs,
"Vacump Pump for AC",Electrical,,,,,0.00,Pcs,
"Heat proof tape",Electrical,,,,,0.00,Pcs,
"IC ",Electrical,,,,,0.00,Pcs,
"Soldering Past ",Electrical,,,,,0.00,Pcs,
"Cooling Tower Infill For 200 RT",Electrical,,,,,0.00,Pcs,
"Thermo Overload ABB",Electrical,,,,,0.00,Pcs,
"Oil Separator",Electrical,,,,,0.00,Pcs,
"Copmpressure R-22",Electrical,,,,,0.00,Pcs,
"Helogin Light Set",Electrical,,,,,0.00,Pcs,
"Variable Frequency drive Inverter 0.75",Electrical,,,,,0.00,Pcs,
"Diot Relay ",Electrical,,,,,0.00,Pcs,
"Cilicon Spray",Electrical,,,,,0.00,Pcs,
"R-22 All Gas",Electrical,,,,,0.00,Pcs,
"Automatic Drain Valve ",Electrical,,,,,0.00,Pcs,
"TTL Converter Mod Mitsubishi",Electrical,,,,,0.00,Pcs,
"Niho Tape",Electrical,,,,,0.00,Pcs,
"AC Parts Valve , Nut, etc",Electrical,,,,,0.00,Pcs,
"Cooling Tower Air Inlet Louver For 200 RT",Electrical,,,,,0.00,Pcs,
"Filter Mesh",Electrical,,,,,0.00,Pcs,
"Tester ",Electrical,,,,,0.00,Pcs,
"Switch Board 8 Hole",Electrical,,,,,0.00,Pcs,
"Flame Proof Ex 3 Phase Elc Motor",Electrical,,,,,0.00,Pcs,
"IC   SMD / Hoc 3021, Noc 3031",Electrical,,,,,0.00,Pcs,
"3200 ATP ACB",Electrical,,,,,0.00,Pcs,
"Slitter Winder Card U-2",Electrical,,,,,0.00,Pcs,
"Spot valve 7W",Electrical,,,,,0.00,Pcs,
"RMBL Board baldwin ",Electrical,,,,,0.00,Pcs,
"2 Pin Relay 24V DC Tape Plant ",Electrical,,,,,0.00,Pcs,
"Adjest Fan",Electrical,,,,,0.00,Pcs,
"Power Supply ",Electrical,,,,,0.00,Pcs,
"Non Niting Valbe ",Electrical,,,,,0.00,Pcs,
"Macanical Valbe ",Electrical,,,,,0.00,Pcs,
"Magnetic Contactor 220-24",Electrical,,,,,0.00,Pcs,
"Circuit Breaker  0A. 1 Pole",Electrical,,,,,0.00,Pcs,
"Circuit Breaker  0A. 2 Pole",Electrical,,,,,0.00,Pcs,
"Circuit Breaker  0A. 3 Pole",Electrical,,,,,0.00,Pcs,
"Circuit Breaker MCCB 0A. 3 Pole",Electrical,,,,,0.00,Pcs,
"Ethernet Controller Wago Cpu",Electrical,,,,,0.00,Pcs,
"SSR Relay 32A",Electrical,,,,,0.00,Pcs,
"GFC Fan/ Jony Fan/ Jali Fan",Electrical,,,,,0.00,Pcs,
"Contact Clenear ",Electrical,,,,,0.00,Pcs,
"Spark Plug",Electrical,,,,,0.00,Pcs,
"Inverter 1.5kw FRN",Electrical,,,,,0.00,Pcs,
"Locktite 243",Electrical,,,,,0.00,Pcs,
"15A Round Pin Socket",Electrical,,,,,0.00,Pcs,
"High Voltage Wair",Electrical,,,,,0.00,Pcs,
"12 Pin Relay Base",Electrical,,,,,0.00,Pcs,
"12 Pin Relay",Electrical,,,,,0.00,Pcs,
"Jamick 300KG Load Cell",Electrical,,,,,0.00,Pcs,
"Led Drive ",Electrical,,,,,0.00,Pcs,
"Led Chipes ",Electrical,,,,,0.00,Pcs,
"Tourch Head Light ",Electrical,,,,,0.00,Pcs,
"U sensor",Electrical,,,,,0.00,Pcs,
"Cat-6 Cable cap",Electrical,,,,,0.00,Pcs,
"Heat sing Past / Compound ",Electrical,,,,,0.00,Pcs,
"SSR Relay 100A 2 Fass",Electrical,,,,,0.00,Pcs,
"PLC Delta Stepper Motor PLC",Electrical,,,,,0.00,Pcs,
"Heat Prof Cable 4Rm",Electrical,,,,,0.00,Pcs,
"Heater Connection",Electrical,,,,,0.00,Pcs,
"Panduit IM Cat-6 UTP",Electrical,,,,,0.00,Pcs,
"Drive (Sample)",Electrical,,,,,0.00,Pcs,
"PVC Relay 24V",Electrical,,,,,0.00,Pcs,
"Counter Flow Colling Tower Infill",Electrical,,,,,0.00,Pcs,
"Motor Capacitor 2.5uf",Electrical,,,,,0.00,Pcs,
"Motor Capacitor 1.5uf",Electrical,,,,,0.00,Pcs,
"Led Indicator Light 24V DC",Electrical,,,,,0.00,Pcs,
"Aintermind Base and Rode",Electrical,,,,,0.00,Pcs,
"Eanthing Board",Electrical,,,,,0.00,Pcs,
"SBD Bord",Electrical,,,,,0.00,Pcs,
"5 Line Hand Valve",Electrical,,,,,0.00,Pcs,
"ABB Sace SPA Coil 110-120v",Electrical,,,,,0.00,Pcs,
"Taflon Shaft / Sheet",Electrical,,,,,0.00,Pcs,
"Cup Card D700 Mistubishe",Electrical,,,,,0.00,Pcs,
"Non Return Valve",Electrical,,,,,0.00,Pcs,
"Jumpring Cable ",Electrical,,,,,0.00,Pcs,
"Timer Base",Electrical,,,,,0.00,Pcs,
Regestor,Electrical,,,,,0.00,Pcs,
"Padroll Pump",Electrical,,,,,0.00,Pcs,
"Ebonet ",Electrical,,,,,13.00,Pcs,
"Unit Coil Micke ",Electrical,,,,,0.00,Pcs,
"Solenoid Valve ",Electrical,,,,,2.00,Pcs,
"Magnatic Contact ABB 8Kw",Electrical,,,,,0.00,Pcs,
"Valve Blocked 220v",Electrical,,,,,1.00,Pcs,
"100w Led flood Light ",Electrical,,,,,0.00,Pcs,
"Pressure Switch",Electrical,,,,,1.00,pes,
"HMI PLC Display ",Electrical,,,,,0.00,Pcs,
"Pnemuatic aw4000-04",Electrical,,,,,3.00,Pcs,
"PLC Controller ",Electrical,,,,,0.00,Pcs,
" Circuit Breaker",Electrical,,,,,1.00,Pcs,
"PLC Connecting Wire ",Electrical,,,,,0.00,Pcs,
Cable,Electrical,,,,,3.00,Pcs,
"plc Display Jack",Electrical,,,,,0.00,Pcs,
"Procese Indicator /RPM mIter",Electrical,,,,,1.00,Pcs,
"Electronic Transformer ",Electrical,,,,,0.00,Pcs,
"Solenoid Valve ",Electrical,,,,,4.00,Pcs,
"Pressure Transmiller Sensor ",Electrical,,,,,0.00,Pcs,
"Panel 24DC",Electrical,,,,,1.00,Pcs,
"Control Cable ",Electrical,,,,,0.00,Pcs,
"Voltage Range Ac 220v",Electrical,,,,,3.00,Pcs,
"Filter Drier coer",Electrical,,,,,0.00,Pcs,
"Warning Light ",Electrical,,,,,2.00,Pcs,
"Nitrogen Cylendr ",Electrical,,,,,0.00,Pcs,
" Filter Regulator ",Electrical,,,,,1.00,Pcs,
"Compressor Bearing Set",Electrical,,,,,0.00,Pcs,
"Lamp Holder ",Electrical,,,,,3.00,Pcs,
"2 Ton Capacity Waist Motor pump",Electrical,,,,,0.00,Pcs,
"Get Valve ",Electrical,,,,,7.00,Pcs,
"Auto Fan Motor Machine ",Electrical,,,,,0.00,Pcs,
"Hand lever valve ",Electrical,,,,,12.00,Pcs,
"3 Stick Cylinder",Electrical,,,,,0.00,Pcs,
"Relay 8pin ",Electrical,,,,,10.00,Pcs,
"Rotery Switch ",Electrical,,,,,0.00,Pcs,
"Contack Block ",Electrical,,,,,27.00,Pcs,
"Countar Timier Metar ",Electrical,,,,,0.00,Pcs,
"Capacitor 10 uf",Electrical,,,,,13.00,Pcs,
"Capacitor 45 uf",Electrical,,,,,6.00,Pcs,
"Capacitor 80 uf",Electrical,,,,,5.00,Pcs,
"Capacitor 70 uf",Electrical,,,,,1.00,Pcs,
"Capacitor 16 uf",Electrical,,,,,4.00,Pcs,
"Photo Sensor",Electrical,,,,,2.00,Pcs,
"Carbon Battery ",Electrical,,,,,20.00,Pcs,
"Proximity switch ",Electrical,,,,,5.00,Pcs,
"Photo Sensor",Electrical,,,,,12.00,Pcs,
"Solenoid Valve ",Electrical,,,,,4.00,Pcs,
Sensor,Electrical,,,,,2.00,Pcs,
"Penumatic D24V",Electrical,,,,,4.00,Pcs,
"Proximity switch  SN-04P",Electrical,,,,,8.00,Pcs,
"Water Solenoid Valve ",Electrical,,,,,2.00,Pcs,
"Hand lever valve ",Electrical,,,,,6.00,Pcs,
"2/2 way Solenoid Valve",Electrical,,,,,2.00,Pcs,
"Hand lever valve ",Electrical,,,,,3.00,Pcs,
"Magentic Sensor",Electrical,,,,,12.00,Pcs,
"Cable Ties5*200MM",Electrical,,,,,400.00,Pcs,
"Cable Ties5*300MM",Electrical,,,,,387.00,Pcs,
"Cable Ties3*100MM",Electrical,,,,,200.00,Pcs,
"Photo Sensor",Electrical,,,,,3.00,Pcs,
Cable,Electrical,,,,,2.00,Pcs,
"All size Ampire Tube",Electrical,,,,,326.00,Pcs,
"LED Drive",Electrical,,,,,19.00,Pcs,
"Cable Clips",Electrical,,,,,300.00,Pcs,
Cable,Electrical,,,,,19.00,Pcs,
"Small Cable Lug",Electrical,,,,,146.00,Pcs,
"Big  Cable Lug",Electrical,,,,,23.00,Pcs,
"All size Fuse ",Electrical,,,,,83.00,Pcs,
"Pc valve ",Electrical,,,,,1.00,Pcs,
"Panel meter ",Electrical,,,,,2.00,Pcs,
"penumatic AL2000-02",Electrical,,,,,2.00,Pcs,
"Jacket Heater",Electrical,,,,,2.00,Pcs,
"La38 small Series Button ",Electrical,,,,,10.00,Pcs,
"La38 Big  Series Button ",Electrical,,,,,12.00,Pcs,
"Fuse base ",Electrical,,,,,7.00,Pcs,
"Fuse BG*P",Electrical,,,,,4.00,Pcs,
"Fuse LINK Andeli 16A",Electrical,,,,,9.00,Pcs,
"Fuse LINK 80A",Electrical,,,,,1.00,Pcs,
"Fuse 500V AC",Electrical,,,,,70.00,Pcs,
"Fuse Small",Electrical,,,,,74.00,Pcs,
Stater,Electrical,,,,,0.00,Pcs,
"PVC Contactor",Electrical,,,,,5.00,Pcs,
"Ciramic ",Electrical,,,,,670.00,Pcs,
"Side Mount Auxilary",Electrical,,,,,1.00,Pcs,
"Auxilary Contack Block",Electrical,,,,,7.00,Pcs,
SSR,Electrical,,,,,9.00,Pcs,
"Thermal Overload Relay ",Electrical,,,,,3.00,Pcs,
"Thermal Overload Relay -",Electrical,,,,,2.00,Pcs,
"Thermal Overload Relay -52M",Electrical,,,,,4.00,Pcs,
"Thermal Overload Relay -5M",Electrical,,,,,2.00,Pcs,
"Thermal Overload Relay -25M",Electrical,,,,,2.00,Pcs,
"MOtor Starter 12A",Electrical,,,,,3.00,Pcs,
"Contactor A*25-30-10",Electrical,,,,,1.00,Pcs,
"Contactor AC 220V",Electrical,,,,,4.00,Pcs,
"AIR Break (power )Contactor ",Electrical,,,,,2.00,Pcs,
"Magentic  Contactor 90A",Electrical,,,,,1.00,Pcs,
"Magentic  Contactor 18A",Electrical,,,,,4.00,Pcs,
"MCB C10",Electrical,,,,,3.00,Pcs,
"MCB TP 10",Electrical,,,,,3.00,Pcs,
"Motor Circuit Breaker",Electrical,,,,,12.00,Pcs,
"AC Magentic Starter",Electrical,,,,,2.00,Pcs,
"Anticutter Ac ",Electrical,,,,,36.00,set,
"Anticutter Ac /Dc ",Electrical,,,,,3.00,Pcs,
"Push Button Switch",Electrical,,,,,5.00,Pcs,
"on off Push Button Switch",Electrical,,,,,7.00,Pcs,
"Magentic  Contactor DC 24",Electrical,,,,,10.00,box,
FR-56V1.4,Electrical,,,,,3.00,Pcs,
"Time Delay Block ",Electrical,,,,,11.00,Pcs,
"Monitoring Relay ",Electrical,,,,,1.00,Pcs,
"Auxilary Contack Block",Electrical,,,,,31.00,Pcs,
"heater Plug ",Electrical,,,,,5.00,set,
"Starter Holder ",Electrical,,,,,8.00,Pcs,
"Battary Clip",Electrical,,,,,10.00,Pcs,
Sensor,Electrical,,,,,3.00,Pcs,
"Auxilary ",Electrical,,,,,10.00,Pcs,
"Mounter Auxilary ",Electrical,,,,,5.00,Pcs,
"Sace Tmaxxt 1c160",Electrical,,,,,4.00,Pcs,
"Magentic  Contactor SC-N2S",Electrical,,,,,4.00,Pcs,
"Pressure Contoller ",Electrical,,,,,9.00,Pcs,
"Magentic  Connector 24v dc",Electrical,,,,,2.00,Pcs,
"Contactor 32A",Electrical,,,,,7.00,Pcs,
"Two  PIN plug",Electrical,,,,,8.00,Pcs,
"Infrared Lamp ",Electrical,,,,,3.00,Pcs,
"Heating Lamp ",Electrical,,,,,1.00,Pcs,
"on off  Switch",Electrical,,,,,0.00,Pcs,
"Stater ",Electrical,,,,,16.00,Pcs,
"Anticutter Light ",Electrical,,,,,16.00,Pcs,
"Ic timer 60f",Electrical,,,,,5.00,Pcs,
"Timer AC 220V ",Electrical,,,,,5.00,Pcs,
"Sensor Amplifir ",Electrical,,,,,1.00,Pcs,
"Temerature Controller ",Electrical,,,,,1.00,Pcs,
"Volt Meter",Electrical,,,,,3.00,Pcs,
"Temerature Controller  AC 110",Electrical,,,,,1.00,Pcs,
"Temerature Controller  50V 146",Electrical,,,,,7.00,Pcs,
"Temerature Controller  100  240 V",Electrical,,,,,8.00,Pcs,
"Temerature Controller  0.400C",Electrical,,,,,6.00,Pcs,
"Temerature Controller  220v AC",Electrical,,,,,2.00,Pcs,
"Temerature Controller   SMALL 220v AC",Electrical,,,,,6.00,Pcs,
"Temerature Controller  ",Electrical,,,,,13.00,Pcs,
"Tube Light 18W",Electrical,,,,,66.00,Pcs,
"Tube Light 20W",Electrical,,,,,16.00,Pcs,
"Twin Panel Light  Ac 105-300v ",Electrical,,,,,6.00,Pcs,
"LED Lighting 10w",Electrical,,,,,2.00,Pcs,
"LED Flood Light  big ",Electrical,,,,,1.00,Pcs,
"LED Flood Light  Small ",Electrical,,,,,9.00,Pcs,
"LED Light for Mosque",Electrical,,,,,37.00,Pcs,
"LED Light 50W",Electrical,,,,,4.00,Pcs,
"LED Light 30W",Electrical,,,,,4.00,Pcs,
"One Gang Box ",Electrical,,,,,12.00,Pcs,
"Two  Gang Box ",Electrical,,,,,6.00,Pcs,
"Pressure Regulating Filter",Electrical,,,,,15.00,Pcs,
"Contactor 24 DC ",Electrical,,,,,1.00,Pcs,
"Gum tape /one side tape",Stationary,,,,,0.00,Pcs,
"Both side Tape",Stationary,,,,,0.00,Pcs,
"Block Tape ",Stationary,,,,,0.00,Pcs,
"PP Belt(Strapping Tape )",Stationary,,,,,0.00,Pcs,
"Band /Metal Clip ",Stationary,,,,,0.00,Pcs,
"Rubber Band ",Stationary,,,,,0.00,Pcs,
"Paper Bobin ",Stationary,,,,,0.00,Pcs,
"Corrugated Carton",Stationary,,,,,0.00,Pcs,
"Maskin Tape ",Stationary,,,,,0.00,Pcs,
"Carate Paper ",Stationary,,,,,0.00,Pcs,
"Stock Register Book ",Stationary,,,,,0.00,Pcs,
"Normal Register Book ",Stationary,,,,,0.00,Pcs,
"Printed Paper (A4 Size )",Stationary,,,,,0.00,Pcs,
"Printed Paper (Legal Size )",Stationary,,,,,0.00,Pcs,
"Carbon Paper ",Stationary,,,,,0.00,Set,
"Red Leaf Board Marker Pen ",Stationary,,,,,0.00,Pcs,
"Colour /Marking Pencil Cut pencil",Stationary,,,,,0.00,Pcs,
"Magerment Tape ",Stationary,,,,,0.00,Pcs,
"Ball Pen ",Stationary,,,,,0.00,Pcs,
"High Light Pen ",Stationary,,,,,0.00,Pcs,
"Calculator ",Stationary,,,,,0.00,Pcs,
"Stapaler Machine ",Stationary,,,,,0.00,Pcs,
"Stapaler Pin",Stationary,,,,,0.00,Pcs,
"Chikon Thread ",Stationary,,,,,0.00,Pcs,
"Pin Remover ",Stationary,,,,,0.00,Pcs,
"Punch Machine",Stationary,,,,,0.00,Pcs,
"Office File ",Stationary,,,,,0.00,Pcs,
"Ring File ",Stationary,,,,,0.00,Pcs,
"Super Glue",Stationary,,,,,0.00,Pcs,
"Computer Cartridge",Stationary,,,,,0.00,Pcs,
"MRR Book ",Stationary,,,,,0.00,Pcs,
"SR Book ",Stationary,,,,,0.00,Pcs,
"Challan Book ",Stationary,,,,,0.00,Pcs,
"Gate Pass Book ",Stationary,,,,,0.00,Pcs,
"Labour Gate Pass ",Stationary,,,,,0.00,Pcs,
"Return Gate Pass",Stationary,,,,,0.00,Pcs,
"KHAM ",Stationary,,,,,0.00,Pcs,
"Banding Clip",Stationary,,,,,0.00,Pcs,
"Tapeplan test Report book",Stationary,,,,,0.00,Pcs,
"Store Purchase Book ",Stationary,,,,,0.00,Pcs,
"Floor Brash ",Stationary,,,,,0.00,Pcs,
"Chalk Pencil",Stationary,,,,,0.00,Pcs,
"Plastic Sandle (juta)",Stationary,,,,,0.00,Pcs,
Odonil,Stationary,,,,,0.00,Pcs,
"Anticutter Blade with Frame",Stationary,,,,,0.00,Pcs,
"Anticutter Blade ",Stationary,,,,,0.00,Pcs,
"Sharp Blade ",Stationary,,,,,0.00,Pcs,
"Wheel powder ",Stationary,,,,,0.00,Pcs,
"Vim Powder",Stationary,,,,,0.00,Pcs,
"Jet Powder ",Stationary,,,,,0.00,Pcs,
"Hand Gloves cotton ",Stationary,,,,,0.00,Pcs,
"Hand Gloves Rubber",Stationary,,,,,0.00,Pcs,
"Adhesive Gum",Stationary,,,,,0.00,Pcs,
"Chalk Powder ",Stationary,,,,,0.00,Pcs,
"Mosquito Coil",Stationary,,,,,0.00,Pcs,
"Pad Lock ",Stationary,,,,,0.00,Pcs,
Scissor,Stationary,,,,,0.00,Pcs,
"Jute Cloth",Stationary,,,,,0.00,Pcs,
"Shari Kapor ",Stationary,,,,,0.00,Pcs,
"Hand /Cleaning Brush",Stationary,,,,,0.00,Pcs,
"Plastic Mag",Stationary,,,,,0.00,Pcs,
"Jaru (FULL Strick)",Stationary,,,,,0.00,Pcs,
MUSK,Stationary,,,,,0.00,box,
Belcha,Stationary,,,,,0.00,Pcs,
"Savlon ",Stationary,,,,,0.00,Pcs,
"Phenyle ",Stationary,,,,,0.00,Pcs,
"Facial Tissue",Stationary,,,,,0.00,Pcs,
"Toilet Tissue",Stationary,,,,,0.00,set,
"Glass Cleaner",Stationary,,,,,0.00,Pcs,
"Finish Cleaner ",Stationary,,,,,0.00,Pcs,
"Tiles Cleaner ",Stationary,,,,,0.00,Pcs,
"Air Freshner ",Stationary,,,,,0.00,Pcs,
Aerosol,Stationary,,,,,0.00,Pcs,
"Bliching Powder ",Stationary,,,,,0.00,Pcs,
"Harpic ",Stationary,,,,,0.00,Pcs,
Vixol,Stationary,,,,,0.00,Pcs,
"Telcom Powder ",Stationary,,,,,0.00,Pcs,
"Lux Soap Mini ",Stationary,,,,,0.00,Pcs,
HAXISOL,Stationary,,,,,0.00,Pcs,
OrSaline,Stationary,,,,,0.00,Pcs,
Napa,Stationary,,,,,0.00,Pcs,
Sinamin,Stationary,,,,,0.00,Pcs,
Viodin,Stationary,,,,,0.00,Pcs,
Diclafanc,Stationary,,,,,0.00,Pcs,
"Entercyd plas",Stationary,,,,,0.00,Pcs,
"Onetime Bandes",Stationary,,,,,0.00,Pcs,
"AR Cylinder ",Mechanical,,,,,0.00,Pcs,
"Pouch M/C Cutting Blade ",Mechanical,,,,,0.00,Pcs,
"double protect Lifting Belt",Mechanical,,,,,0.00,Pcs,
"Bearing Shaft ",Mechanical,,,,,0.00,Pcs,
"Sadle Clamp",Mechanical,,,,,0.00,Pcs,
"Conside Wheel Adoptor ",Mechanical,,,,,0.00,Pcs,
"Magnet Holder Assy R6",Mechanical,,,,,0.00,Pcs,
"Heat Prof Silicon Tube",Mechanical,,,,,0.00,Pcs,
"Flat File ",Mechanical,,,,,0.00,Pcs,
"Piston Head Compressure ",Mechanical,,,,,0.00,Pcs,
"High Presser Rubber Pipe ",Mechanical,,,,,0.00,Pcs,
"Copper Bar",Mechanical,,,,,0.00,Pcs,
"Magnet Finger Ceramic",Mechanical,,,,,0.00,Pcs,
"Gas cutter Nazel",Mechanical,,,,,0.00,Pcs,
"Diafram Pump",Mechanical,,,,,0.00,Pcs,
"Break Spring Nova-6",Mechanical,,,,,0.00,Pcs,
"Muffler For Genset Colling tower",Mechanical,,,,,0.00,Pcs,
"Inseration Finger Ceramic",Mechanical,,,,,0.00,Pcs,
"Switch Water Level (Recondition)",Mechanical,,,,,0.00,Pcs,
"S S Wear Rof ",Mechanical,,,,,0.00,Pcs,
"Adhesive Heat Prof Tape ",Mechanical,,,,,0.00,Pcs,
"Swan Oil Meter ",Mechanical,,,,,0.00,Pcs,
Excel,Mechanical,,,,,0.00,Pcs,
"Roller BKT. Inner",Mechanical,,,,,0.00,Pcs,
"Roller BKT. Outer",Mechanical,,,,,0.00,Pcs,
"GSM Cutter Dia 113mm",Mechanical,,,,,0.00,Pcs,
"Bobin Holder Font",Mechanical,,,,,0.00,Pcs,
"Special Washer ",Mechanical,,,,,0.00,Pcs,
"Weft Ceramic with Finger holder ",Mechanical,,,,,0.00,Pcs,
"Ceramic Finger LSL-6",Mechanical,,,,,0.00,Pcs,
"Pressure Roller LSL-6",Mechanical,,,,,0.00,Pcs,
"Liner Cutting Cylinder ",Mechanical,,,,,0.00,Pcs,
"Hand Valve ",Mechanical,,,,,0.00,Pcs,
"Air Pressure Meter ",Mechanical,,,,,0.00,Pcs,
"Upper  Heddle Belt 230*98*10",Mechanical,,,,,396.00,Pcs,
"Gas Pressure Regulator DN-25",Mechanical,,,,,0.00,Pcs,
"Lower Heddle Belt 460*98*10",Mechanical,,,,,100.00,Pcs,
"Air Pipe Heat Prof ",Mechanical,,,,,0.00,Pcs,
"Heddle Belt Lower 455*110*15",Mechanical,,,,,354.00,Pcs,
"Combination Plars ",Mechanical,,,,,0.00,Pcs,
"Lower Belt 455*122*18",Mechanical,,,,,654.00,Pcs,
"Spray Nozzel Cooling Tower ",Mechanical,,,,,0.00,Pcs,
"Swing Lever ",Mechanical,,,,,62.00,Pcs,
"jockey Lever ",Mechanical,,,,,161.00,Pcs,
"Warp Guide ",Mechanical,,,,,73.00,Pcs,
"Warp Guide  Bracket ",Mechanical,,,,,119.00,Pcs,
"Warp Guide  Bracket ",Mechanical,,,,,255.00,Pcs,
"Warp Guide ",Mechanical,,,,,144.00,Pcs,
"Cam Roller 45MM",Mechanical,,,,,86.00,Pcs,
"Shuttle Wheel XR",Mechanical,,,,,102.00,Set,
"Chochoid Roller-6001",Mechanical,,,,,72.00,Pcs,
"Stopper Roller Brg 6001",Mechanical,,,,,38.00,Pcs,
"Foam Washer ",Mechanical,,,,,500.00,Pcs,
"Pusher Roller p",Mechanical,,,,,50.00,Pcs,
"Pusher Roller 6000 Bearing ",Mechanical,,,,,47.00,Pcs,
"Shuttle Wheel",Mechanical,,,,,46.00,Pcs,
"Shuttle Wheel Red",Mechanical,,,,,50.00,Pcs,
"Stopper Wheel p",Mechanical,,,,,39.00,Pcs,
"Shuttle Wheel",Mechanical,,,,,100.00,Pcs,
"Tracker Roller 50MM",Mechanical,,,,,160.00,Pcs,
"Chonchoid Wheel P",Mechanical,,,,,20.00,Pcs,
"Chonchoid Roller 6001",Mechanical,,,,,20.00,Pcs,
"Chon  Roller Big ",Mechanical,,,,,25.00,Pcs,
"Chonchoid Wheel ",Mechanical,,,,,9.00,Pcs,
"Pusher Roller Platic Insert",Mechanical,,,,,50.00,Pcs,
"Pusher Roller 6000 ",Mechanical,,,,,25.00,Pcs,
"Pusher Roller R",Mechanical,,,,,19.00,Pcs,
"Pusher Roller Bearing 6000",Mechanical,,,,,125.00,Pcs,
"Pusher Roller Platic Insert",Mechanical,,,,,25.00,Pcs,
"Pusher Wheel -M65/S",Mechanical,,,,,200.00,Pcs,
"Hook Bend",Mechanical,,,,,72.00,Pcs,
"Wire Guide ",Mechanical,,,,,6.00,Pcs,
"Bearing Block",Mechanical,,,,,139.00,Pcs,
"Difflacting Pully",Mechanical,,,,,573.00,Pcs,
"Steel Boom Holder ",Mechanical,,,,,49.00,Pcs,
" Boom Holder  Plastic",Mechanical,,,,,241.00,Pcs,
"Heild Wire ",Mechanical,,,,,5000.00,Pcs,
"Warp Guide ",Mechanical,,,,,40.00,Pcs,
"Upper  Bearing Block",Mechanical,,,,,104.00,Pcs,
"Lower Bearing Block",Mechanical,,,,,90.00,Pcs,
"Upper  Bearing Block",Mechanical,,,,,113.00,Pcs,
"Weaving Ring Holder ",Mechanical,,,,,165.00,Pcs,
"Boom Holder ",Mechanical,,,,,175.00,Pcs,
" Steel Boom Holder ",Mechanical,,,,,145.00,Pcs,
"Top Bearing Block",Mechanical,,,,,44.00,Pcs,
"Shuttle Roller Cap ",Mechanical,,,,,1634.00,Pcs,
"Bearing Block",Mechanical,,,,,67.00,Pcs,
"Bearing Block Small",Mechanical,,,,,274.00,Pcs,
"Warp Guide Rod ",Mechanical,,,,,280.00,Pcs,
"Chain Spray",Mechanical,,,,,2.00,Pcs,
Shuttle,Mechanical,,,,,0.00,Pcs,
"Shuttle Body Plastic",Mechanical,,,,,0.00,Pcs,
"Lower Bearing Block",Mechanical,,,,,0.00,Pcs,
"Upper Bearing Block M.S",Mechanical,,,,,0.00,set,
"Shuttle Roller Cap",Mechanical,,,,,0.00,Pcs,
Separator,Mechanical,,,,,0.00,Pcs,
Clamp,Mechanical,,,,,0.00,Pcs,
"Shuttle Guide ",Mechanical,,,,,0.00,box,
"Deflecting Pully All size LSL-6",Mechanical,,,,,0.00,Pcs,
"Pressure Plate/Tention Pad",Mechanical,,,,,0.00,Pcs,
"Brake Bearing",Mechanical,,,,,0.00,Pcs,
"Shuttle Roller LSL-6",Mechanical,,,,,0.00,Pcs,
"Lever Magnet",Mechanical,,,,,0.00,set,
"Lever Holder Set",Mechanical,,,,,0.00,Pcs,
"Finger Holder",Mechanical,,,,,0.00,Pcs,
"Pusher Roller",Mechanical,,,,,0.00,Pcs,
"Connectg strip",Mechanical,,,,,0.00,Pcs,
"Bobin Flangs Washer",Mechanical,,,,,0.00,Pcs,
"Shuttle body steel LSL-610",Mechanical,,,,,0.00,Pcs,
"Leather Pad",Mechanical,,,,,0.00,Pcs,
"BOOm Holder Plastic",Mechanical,,,,,0.00,Pcs,
"S.S Plate",Mechanical,,,,,0.00,Pcs,
"S.S Cable Tray",Mechanical,,,,,0.00,Pcs,
"S.S Shaft",Mechanical,,,,,0.00,Pcs,
"Shaft (U-3)",Mechanical,,,,,0.00,Pcs,
"Stopper Roller LSL-6",Mechanical,,,,,0.00,Pcs,
"Excenter Roller (610-620-FSN-4)",Mechanical,,,,,0.00,Pcs,
"Warp Guide",Mechanical,,,,,0.00,Pcs,
"Connecting Plate ",Mechanical,,,,,0.00,Pcs,
"Choncoid Roller LSL-6",Mechanical,,,,,0.00,Pcs,
"Shuttle Wheel (LSL-6)",Mechanical,,,,,0.00,Pcs,
"Chonchoid Roller (610-620-FSN-4)",Mechanical,,,,,0.00,Pcs,
"Shuttle Wheeel(610-620-FSN-4)",Mechanical,,,,,0.00,Pcs,
"Warp Compensator",Mechanical,,,,,0.00,Pcs,
"Swinging Lever",Mechanical,,,,,0.00,Pcs,
Spacer,Mechanical,,,,,0.00,Pcs,
"M.S Roll Pins",Mechanical,,,,,0.00,Pcs,
"Eccentric roller Nova-6",Mechanical,,,,,0.00,Pcs,
"Lever Holder",Mechanical,,,,,0.00,Pcs,
"Upper Headle Belt",Mechanical,,,,,0.00,Pcs,
"Lower Headle Belt",Mechanical,,,,,0.00,Pcs,
"Jockey Lever LSL-6",Mechanical,,,,,0.00,Pcs,
"Bearrring Block Rear",Mechanical,,,,,0.00,Pcs,
"Ink Motor",Mechanical,,,,,0.00,Pcs,
"Koraj upper",Mechanical,,,,,0.00,Pcs,
"Koraj Lower",Mechanical,,,,,0.00,Pcs,
"Hoose Clamp",Mechanical,,,,,0.00,Pcs,
"Printing M/C Tray",Mechanical,,,,,0.00,Pcs,
"P.V.C Fether",Mechanical,,,,,0.00,Pcs,
"P.V.C Piniom",Mechanical,,,,,0.00,Pcs,
"Bobin Disk",Mechanical,,,,,0.00,Pcs,
"Separator Nut",Mechanical,,,,,0.00,Pcs,
"Separator Holder",Mechanical,,,,,0.00,Pcs,
Shaft,Mechanical,,,,,0.00,Pcs,
"M.S Bush",Mechanical,,,,,0.00,Pcs,
"Pusher Roller Cap Steel",Mechanical,,,,,0.00,Pcs,
"Shuttle Nose",Mechanical,,,,,0.00,Pcs,
Cap,Mechanical,,,,,0.00,Pcs,
"Synthetic Flexible Pipe",Mechanical,,,,,0.00,Pcs,
"Deflecting Bolt",Mechanical,,,,,0.00,Pcs,
"Big P.V.C Clamp",Mechanical,,,,,0.00,Pcs,
"Bearing Block Back P.V.C",Mechanical,,,,,0.00,Pcs,
"Bearing Block Floating P.V.C",Mechanical,,,,,0.00,Pcs,
"Axle Bolt",Mechanical,,,,,0.00,Pcs,
"Spring All",Mechanical,,,,,0.00,Pcs,
"Ring Hose pipe / Hose pipe ",Mechanical,,,,,0.00,Pcs,
"Excenter Bolt",Mechanical,,,,,0.00,Pcs,
"Plastic Shuttle Body",Mechanical,,,,,0.00,Pcs,
"Simta Joining Press",Mechanical,,,,,0.00,Pcs,
"Boom Holder Steel",Mechanical,,,,,0.00,Pcs,
Axle,Mechanical,,,,,0.00,Pcs,
"Bearing Block Front",Mechanical,,,,,0.00,Pcs,
"Stopper Wheel",Mechanical,,,,,0.00,Pcs,
"Spring Strecher",Mechanical,,,,,0.00,Pcs,
"Weft Guide",Mechanical,,,,,0.00,Pcs,
"Tention Bolt",Mechanical,,,,,0.00,Pcs,
"Ecemtic Bolt",Mechanical,,,,,0.00,Pcs,
"Bobin Holder Big",Mechanical,,,,,0.00,Pcs,
"Bobin Holder Small",Mechanical,,,,,0.00,Pcs,
"Ceramic Bush",Mechanical,,,,,0.00,Pcs,
"Dowel Pin ",Mechanical,,,,,0.00,Pcs,
"Connecting Strip",Mechanical,,,,,0.00,Pcs,
"Connecting Plate BIG",Mechanical,,,,,0.00,Pcs,
"P.V.C Clamp",Mechanical,,,,,0.00,Pcs,
"Bearing Cover",Mechanical,,,,,0.00,Pcs,
"P.V.C Bearing",Mechanical,,,,,0.00,Pcs,
"Adjusting Ring P.V.C",Mechanical,,,,,0.00,Pcs,
"Clamp left",Mechanical,,,,,0.00,Pcs,
"Bush For Spring",Mechanical,,,,,0.00,Pcs,
"Clamp Right",Mechanical,,,,,0.00,Pcs,
"S.S Clamp Shuttle Guide ",Mechanical,,,,,0.00,Pcs,
"P.V.C Clamp Shuttle Guide",Mechanical,,,,,0.00,Pcs,
Separator,Mechanical,,,,,0.00,Pcs,
"Clamp Warp Guide",Mechanical,,,,,0.00,Pcs,
"Bobin Holder Rear",Mechanical,,,,,0.00,Pcs,
"Bobin Holder Back",Mechanical,,,,,0.00,Pcs,
"Stopper Roller(610-620-FSN-4)",Mechanical,,,,,0.00,Pcs,
"Cam Roller FSN-4",Mechanical,,,,,0.00,Pcs,
"Shuttle Roller FSN-4",Mechanical,,,,,0.00,Pcs,
"Chain Spray ",Mechanical,,,,,0.00,Pcs,
"Moe Master Torque Wreng",Mechanical,,,,,0.00,Pcs,
"Gear Shaft ",Mechanical,,,,,0.00,Pcs,
"Adusting Rode",Mechanical,,,,,0.00,Pcs,
Ret,Mechanical,,,,,0.00,Pcs,
"Gear Piniom",Mechanical,,,,,0.00,Pcs,
Chain,Mechanical,,,,,0.00,Pcs,
"Chain Lock",Mechanical,,,,,0.00,Pcs,
"Shuttle Roller",Mechanical,,,,,0.00,Pcs,
"Chonchoid Roller LSL-6",Mechanical,,,,,0.00,Pcs,
"Excenter Roller ",Mechanical,,,,,0.00,Pcs,
"Automatice Drain Valve ",Mechanical,,,,,0.00,Pcs,
Axle,Mechanical,,,,,0.00,Pcs,
"Shuttle Wheel",Mechanical,,,,,0.00,Pcs,
"Bearing Block Front",Mechanical,,,,,0.00,Pcs,
"Cam Roller",Mechanical,,,,,0.00,Pcs,
"Connecting Rode",Mechanical,,,,,0.00,Pcs,
"Off Guide Holder ",Mechanical,,,,,0.00,Pcs,
"Bronze Bush",Mechanical,,,,,0.00,Pcs,
Adopter,Mechanical,,,,,0.00,Pcs,
"Habacit Gum",Mechanical,,,,,0.00,Pcs,
" Pinom L/C",Mechanical,,,,,0.00,Pcs,
"Connecting Strip",Mechanical,,,,,0.00,Pcs,
"Connecting Strip Small",Mechanical,,,,,0.00,Pcs,
"Bobin Holder",Mechanical,,,,,0.00,Pcs,
"Clamp P.V.C",Mechanical,,,,,0.00,Pcs,
"Clamp Right",Mechanical,,,,,0.00,Pcs,
"Ecentric Axle",Mechanical,,,,,0.00,Pcs,
"Compensator Spring",Mechanical,,,,,0.00,Pcs,
"Bobin Flangs ",Mechanical,,,,,0.00,Pcs,
"HILD WIRE",Mechanical,,,,,0.00,Pcs,
Mailons,Mechanical,,,,,0.00,Pcs,
"Fome Roller",Mechanical,,,,,0.00,Pcs,
"Bearing Chanal HCH 15CA",Mechanical,,,,,0.00,Pcs,
"Finger Holder",Mechanical,,,,,0.00,Pcs,
"Pneumatic Pipe",Mechanical,,,,,0.00,Pcs,
"Shuttle Assy New",Mechanical,,,,,0.00,Pcs,
"Cloth Adjusting",Mechanical,,,,,0.00,Pcs,
"Round Holder",Mechanical,,,,,0.00,Pcs,
"Ring Holder",Mechanical,,,,,0.00,Pcs,
"Weight Bar",Mechanical,,,,,0.00,Pcs,
"Oil Pump",Mechanical,,,,,0.00,Pcs,
"Cylinder Base",Mechanical,,,,,0.00,Pcs,
"M.S Hoose Pipe",Mechanical,,,,,0.00,Pcs,
"Tandom Lamination Die",Mechanical,,,,,0.00,Pcs,
"Stopper Wheel LSM-6",Mechanical,,,,,0.00,Pcs,
"M.S Flangs",Mechanical,,,,,0.00,Pcs,
"Daya changing Ring For Loom",Mechanical,,,,,0.00,Pcs,
"Inseration Finger Pipe",Mechanical,,,,,0.00,Pcs,
"Caster Wheel 6"" Breaker",Mechanical,,,,,0.00,Pcs,
"Caster Wheel 3"" Fixed",Mechanical,,,,,0.00,Pcs,
"Double Chain 12B- LR",Mechanical,,,,,0.00,Pcs,
"Cutting Plus / Monkey Plus ",Mechanical,,,,,0.00,Pcs,
"3.7kw Inverter",Mechanical,,,,,0.00,Pcs,
"PLC Dalta ",Mechanical,,,,,0.00,Pcs,
"Non Retrun Valve ",Mechanical,,,,,0.00,Pcs,
"BM 50 Grease ",Mechanical,,,,,0.00,Pcs,
"Element Pre Cleaner",Mechanical,,,,,0.00,Pcs,
"FRL Unit ",Mechanical,,,,,0.00,Pcs,
"Ceramic Finger Nova - 6",Mechanical,,,,,0.00,Pcs,
"S. S Hoose Pipe",Mechanical,,,,,0.00,Pcs,
"Air Gun",Mechanical,,,,,0.00,Pcs,
"Conchoid Wheel",Mechanical,,,,,0.00,Pcs,
"Hoper Motor ",Mechanical,,,,,0.00,Pcs,
"Alueminume Label Meter",Mechanical,,,,,0.00,Pcs,
"Pitol Chalk Valve",Mechanical,,,,,0.00,Pcs,
"3 Fase Motor 4kw 5.5HP 580 Rpm",Mechanical,,,,,0.00,Pcs,
"Chamical Pump ",Mechanical,,,,,0.00,Pcs,
"Deflecting Pully All Size Nova-6",Mechanical,,,,,0.00,Pcs,
"Connecting Plate Nova-6",Mechanical,,,,,0.00,Pcs,
"Lever Holder Nova-6",Mechanical,,,,,0.00,Pcs,
"Brake Bearing Nova-6",Mechanical,,,,,0.00,Pcs,
"Stopper Roller Nova-6",Mechanical,,,,,0.00,Pcs,
"Choncoid Roller Nova-6",Mechanical,,,,,0.00,Pcs,
"Cam Roller Nova-6",Mechanical,,,,,0.00,Pcs,
"Pusher Wheel Nova-6",Mechanical,,,,,0.00,Pcs,
"Hexo Blade",Mechanical,,,,,0.00,Pcs,
"Magnate Holder Nova-6 ",Mechanical,,,,,0.00,Pcs,
"Lower Pully Block Nova-6",Mechanical,,,,,0.00,Pcs,
"Upper Bearing Block Nova -6 ",Mechanical,,,,,0.00,Pcs,
"Stopper Wheel Nova - 6",Mechanical,,,,,0.00,Pcs,
"Upper Headle Belt Nova-6",Mechanical,,,,,0.00,Pcs,
"Lower Headle Belt Nova-6",Mechanical,,,,,0.00,Pcs,
"Shuttle Wheel Nova - 6 ",Mechanical,,,,,0.00,Pcs,
"Shuttle Guide Nova -6",Mechanical,,,,,0.00,Pcs,
"Rear Bearing Block Nova-6",Mechanical,,,,,0.00,Pcs,
"Guider Nose Nova-6",Mechanical,,,,,0.00,Pcs,
"Weft Guide Holder Front Nova-6",Mechanical,,,,,0.00,Pcs,
"Weft Guide Holder Rear Nova-6",Mechanical,,,,,0.00,Pcs,
"Choncoid Wheel Nova-6",Mechanical,,,,,0.00,Pcs,
"Pin Front Bearing Block Nova-6",Mechanical,,,,,0.00,Pcs,
"Shuttle Rollar Nova-6",Mechanical,,,,,0.00,Pcs,
"Eccentric Adoptor Nova-6",Mechanical,,,,,0.00,Pcs,
"Stopper Wheel Adoptor Nova-6",Mechanical,,,,,0.00,Pcs,
"Spauer Pusher Roller Nova-6",Mechanical,,,,,0.00,Pcs,
"Stoper Wheel Nova-6",Mechanical,,,,,0.00,Pcs,
"Ceramic Guide ",Mechanical,,,,,0.00,Pcs,
"Washer Eccentric Axle Nova-6",Mechanical,,,,,0.00,Pcs,
"Shuttle Roller Nova -6",Mechanical,,,,,0.00,Pcs,
"Hoose Pipe ",Mechanical,,,,,0.00,Pcs,
"PVC Rubber Wheel",Mechanical,,,,,0.00,Pcs,
"Folding Finger Pipe ",Mechanical,,,,,0.00,Pcs,
"Rubber Hand Gloves",Mechanical,,,,,24.00,Pcs,
"High Temprature Grease ",Mechanical,,,,,0.00,Pcs,
"Heild Wire ",Mechanical,,,,,2000.00,Pcs,
"Controlar ",Mechanical,,,,,0.00,Pcs,
"Lower Heddle Belt 465*98*10",Mechanical,,,,,59.00,Pcs,
"Hook Type Boom Holder",Mechanical,,,,,0.00,Pcs,
Screw-SC103212,BCS,,,,,11.00,Pcs,
Screw-22561,BCS,,,,,12.00,Pcs,
Screw-22894-AA,BCS,,,,,0.00,Pcs,
Screw-22653L-8,BCS,,,,,5.00,Pcs,
"Tention Nut -512926",BCS,,,,,7.00,Pcs,
"Nut -258",BCS,,,,,34.00,Pcs,
Nut-51246,BCS,,,,,11.00,pes,
Nut-12934A,BCS,,,,,19.00,Pcs,
Nut-18,BCS,,,,,26.00,Pcs,
Nut-269,BCS,,,,,21.00,Pcs,
"Tention Nut -43266",BCS,,,,,25.00,Pcs,
Washer-245261,BCS,,,,,15.00,Pcs,
Washer-20,BCS,,,,,14.00,Pcs,
"Thread Guide -775181",BCS,,,,,7.00,Pcs,
"Feed Rocker",BCS,,,,,0.00,Pcs,
"Rubber  Washer",BCS,,,,,30.00,Pcs,
Washer-31341,BCS,,,,,4.00,Pcs,
Washer-80557,BCS,,,,,0.00,Pcs,
Washer-21657E,BCS,,,,,28.00,Pcs,
Washer-61311J,BCS,,,,,3.00,Pcs,
"Washer -2W5",BCS,,,,,30.00,Pcs,
"Washer -6042A",BCS,,,,,0.00,Pcs,
Washer-56350F,BCS,,,,,8.00,Pcs,
"Washer -51250D",BCS,,,,,0.00,Pcs,
"Rubber  Pad ",BCS,,,,,181.00,Pcs,
Screw-22559G,BCS,,,,,0.00,Pcs,
Screw-22525A,BCS,,,,,0.00,Pcs,
"Main Shaft Head -774061",BCS,,,,,4.00,Pcs,
"Feed Crank Stud-56336D",BCS,,,,,4.00,Pcs,
"Needle Ball Joint-772031A",BCS,,,,,4.00,Pcs,
"Looper Rocker-56313",BCS,,,,,3.00,Pcs,
"Compressor Spring 1169014610",BCS,,,,,2.00,Pcs,
"Looper Spring -51292F-2",BCS,,,,,2.00,Pcs,
"Tention Spring -51292F-8",BCS,,,,,0.00,Pcs,
"Spring -B699066106",BCS,,,,,1.00,Pcs,
"CirClip ",BCS,,,,,43.00,Pcs,
"Quad Ring -660-269B",BCS,,,,,3.00,Pcs,
"Ring  Rubber -772051",BCS,,,,,19.00,Pcs,
"Retainirage Ring -660-438",BCS,,,,,14.00,Pcs,
"Retainirage Ring -660-215",BCS,,,,,132.00,Pcs,
"Oil Wick-CL-21",BCS,,,,,8.00,Pcs,
"Wire Needle Take up -775191",BCS,,,,,2.00,Pcs,
"Looper Stud -51745",BCS,,,,,1.00,Pcs,
"Bell Crank Spring -56383D",BCS,,,,,2.00,Pcs,
"O Ring -32LS56",BCS,,,,,0.00,Pcs,
"Filter Oil-35897BV",BCS,,,,,13.00,Pcs,
"Ball Joint Guide -56343C",BCS,,,,,6.00,Pcs,
"Finger Spring ",BCS,,,,,22.00,Pcs,
"Oil Wick-755181",BCS,,,,,21.00,Pcs,
"Feed Crank  Shaft -57836B",BCS,,,,,0.00,Pcs,
"Needle Bar Bushing -32151",BCS,,,,,0.00,Pcs,
"Needle Bar Bushing -32161",BCS,,,,,5.00,Pcs,
"Needle Bar -51254K",BCS,,,,,9.00,Pcs,
"Chira Pin",BCS,,,,,0.00,Pcs,
"Looper Throat (Revo)502568",BCS,,,,,2.00,Pcs,
"Main Shaft-56190",BCS,,,,,0.00,Pcs,
"Pressure Bar -51257AA",BCS,,,,,5.00,Pcs,
"Looper Connecting -753111",BCS,,,,,6.00,Pcs,
"Needle Bar Bush-56154E ",BCS,,,,,8.00,Pcs,
"Throat Plate -774141",BCS,,,,,4.00,Pcs,
"Looper Rocker Shaft -50895BLK",BCS,,,,,0.00,Pcs,
"Ball  Joint -57841",BCS,,,,,14.00,Pcs,
"Main Shaft  Bushing- 56390G",BCS,,,,,8.00,Pcs,
"Looper Driving Shaft -502787",BCS,,,,,2.00,Pcs,
"Connecting Link 56354D",BCS,,,,,10.00,Pcs,
"Feed Dog -50282",BCS,,,,,0.00,Pcs,
"Pressure Bar -5125744",BCS,,,,,0.00,Pcs,
"Looper  Avoid -29476NM-096",BCS,,,,,5.00,Pcs,
"Looper Rocker-56344B",BCS,,,,,7.00,Pcs,
"Looper Driver  Lever -56342E",BCS,,,,,1.00,Pcs,
"Looper Holder Collar -773081",BCS,,,,,11.00,Pcs,
"Bearing Case Assy -294761V",BCS,,,,,16.00,Pcs,
"Pressure Foot Assy -772091A",BCS,,,,,6.00,Pcs,
"Looper Driver  Lever -29105AK ",BCS,,,,,1.00,Pcs,
"Needle Guard -774121",BCS,,,,,11.00,Pcs,
"Looper Rocker -56344C",BCS,,,,,2.00,Pcs,
"Needle Roller -51216M",BCS,,,,,222.00,Pcs,
"Tention  Post -51292",BCS,,,,,4.00,Pcs,
"Link Pin 5236A",BCS,,,,,28.00,Pcs,
"Feed Bar Shaft 56334B",BCS,,,,,0.00,Pcs,
"Needle Thread -35043",BCS,,,,,0.00,Pcs,
"Needle Thread Take -772101",BCS,,,,,1.00,Pcs,
"Over Load Knife Set",BCS,,,,,0.00,Pcs,
"Allen Key Screw",BCS,,,,,0.00,Pcs,
" sewing Needle all size ",BCS,,,,,391.00,Pcs,
"Pressure Foot -772151",BCS,,,,,4.00,Pcs,
"Cone -15465F",BCS,,,,,19.00,Pcs,
"Feed Crank-56316",BCS,,,,,0.00,Pcs,
"Pressure Foot -772151A",BCS,,,,,7.00,Pcs,
"Needle Lever /Connecting Rod -56316",BCS,,,,,10.00,Pcs,
"Air Nojjel ",BCS,,,,,6.00,Pcs,
"Ferrul -56341F ",BCS,,,,,15.00,Pcs,
"Tention Post -51192G",BCS,,,,,7.00,Pcs,
"Link Pin 52336A",BCS,,,,,0.00,Pcs,
"Needle Holder -772081",BCS,,,,,47.00,Pcs,
"Looper Threat Take-56123",BCS,,,,,1.00,Pcs,
"Connecting Rod -56316C",BCS,,,,,6.00,Pcs,
"Compressur Spring -1150190300",BCS,,,,,2.00,Pcs,
"Tall Bush ",BCS,,,,,1.00,Pcs,
"Looper Rocket Shaft ",BCS,,,,,0.00,Pcs,
Screw-22528,BCS,,,,,71.00,Pcs,
Screw-98A,BCS,,,,,8.00,Pcs,
Screw-22839C,BCS,,,,,37.00,Pcs,
Screw-22894D,BCS,,,,,75.00,Pcs,
Screw-77,BCS,,,,,30.00,Pcs,
Screw-22882C,BCS,,,,,15.00,Pcs,
Screw-22894C,BCS,,,,,0.00,Pcs,
Screw-22758C,BCS,,,,,17.00,Pcs,
Screw-22524,BCS,,,,,102.00,Pcs,
Screw-73,BCS,,,,,12.00,Pcs,
Screw-89,BCS,,,,,69.00,Pcs,
Screw-22543B,BCS,,,,,12.00,Pcs,
Screw-9/64540052,BCS,,,,,10.00,Pcs,
Screw-D90,BCS,,,,,15.00,Pcs,
Screw-91D,BCS,,,,,8.00,Pcs,
Screw-80,BCS,,,,,37.00,Pcs,
Screw-22829,BCS,,,,,91.00,Pcs,
Screw-18254002,BCS,,,,,83.00,Pcs,
Screw-22801,BCS,,,,,18.00,Pcs,
Screw-22874,BCS,,,,,4.00,Pcs,
Screw-22557G,BCS,,,,,2.00,Pcs,
Screw-87,BCS,,,,,28.00,Pcs,
Screw-22839C,BCS,,,,,0.00,Pcs,
Screw-22637P-24,BCS,,,,,18.00,Pcs,
"Alumnium Finger ",BCS,,,,,0.00,Pcs,
"Looper Connecting -502780",BCS,,,,,0.00,Pcs,
"Alumnium Pinium ",BCS,,,,,5.00,Pcs,
"Alumnium Pinium ",BCS,,,,,10.00,Pcs,
"Needle Bar Shaft",BCS,,,,,0.00,Pcs,
"Coupling -56343F ",BCS,,,,,6.00,Pcs,
"Feed Bar -774131",BCS,,,,,1.00,Pcs,
"Spare Parts -D04003",BCS,,,,,0.00,Pcs,
Stud,BCS,,,,,9.00,Pcs,
"CirClip ",BCS,,,,,166.00,Pcs,
"Main Shaft -56122A",BCS,,,,,0.00,Pcs,
"Bushing Main Shaft -56390",BCS,,,,,8.00,Pcs,
"Needle Bar Bushing -51154E",BCS,,,,,6.00,Pcs,
"Feed Crank Link Assy-56336B",BCS,,,,,1.00,Pcs,
"Link Ball -B699059136",BCS,,,,,4.00,Pcs,
"Looper Divier Lever-56342E",BCS,,,,,1.00,Pcs,
"Looper Rocker Shaft Bushing ",BCS,,,,,5.00,Pcs,
"Oik Felt ",BCS,,,,,10.00,Pcs,
"Treat Cutter ",BCS,,,,,21.00,Pcs,
"Screw -22653L",BCS,,,,,35.00,Pcs,
Screw-22559G,BCS,,,,,8.00,Pcs,
Screw-22525A,BCS,,,,,5.00,Pcs,
"Feed Dog ",BCS,,,,,13.00,Pcs,
"Lifter Lever",BCS,,,,,4.00,Pcs,
"Oil Pum-59493A",BCS,,,,,2.00,Pcs,
"Feed Dog Holder Nut -563342",BCS,,,,,3.00,Pcs,
Screw-50266,BCS,,,,,30.00,Pcs,
"Looper Drving Lever-1100150-950",BCS,,,,,8.00,Pcs,
"Needle Thread Controller-035043",BCS,,,,,2.00,Pcs,
"Link Pin -52336A",BCS,,,,,20.00,Pcs,
"Link Pin-52336A",BCS,,,,,20.00,Pcs,
"SEWING Needle H 202295",BCS,,,,,14.00,Pcs,
"SEWING Needle 40*1970",BCS,,,,,6.00,Pcs,
"Main Shafy Bush 56190",BCS,,,,,2.00,Pcs,
"Pressure Bar Conncction Guide 51257M",BCS,,,,,3.00,Pcs,
"Tension Disc109",BCS,,,,,40.00,Pcs,
"Ferrul F2-511923",BCS,,,,,7.00,Pcs,
"Tension Thread Eyelet-51192G",BCS,,,,,14.00,Pcs,
"Tension Post  Eyelet-51192G",BCS,,,,,10.00,Pcs,
"Tension Spring 51292F",BCS,,,,,5.00,Pcs,
"Looper Drive Rocket -773071",BCS,,,,,7.00,Pcs,
"Feed Crank Stud-56336",BCS,,,,,5.00,Pcs,
"Feed Dog 774158",BCS,,,,,9.00,Pcs,
"Throad  Plate 774148",BCS,,,,,3.00,Pcs,
"Pressure Foot Stud -56334L",BCS,,,,,21.00,Pcs,
"Looper 773091",BCS,,,,,6.00,Pcs,
"Puessure Bar Bushing 032211",BCS,,,,,13.00,Pcs,
"Needle Lever ball Joint 772031A",BCS,,,,,1.00,Pcs,
A-35,Belts,,,,,5.00,Pcs,
B-89,Belts,,,,,1.00,Pcs,
HM-70,Belts,,,,,27.00,Pcs,
A-65,Belts,,,,,1.00,Pcs,
C-65,Belts,,,,,2.00,Pcs,
A-71,Belts,,,,,1.00,Pcs,
HM-71,Belts,,,,,3.00,Pcs,
A-22,Belts,,,,,4.00,Pcs,
A61,Belts,,,,,2.00,Pcs,
A-65,Belts,,,,,1.00,Pcs,
HM,Belts,,,,,1.00,Pcs,
A-30,Belts,,,,,1.00,Pcs,
B-75,Belts,,,,,1.00,Pcs,
B-61,Belts,,,,,1.00,Pcs,
A-30,Belts,,,,,1.00,Pcs,
B-80,Belts,,,,,1.00,Pcs,
"V BELT32",Belts,,,,,6.00,Pcs,
B-69,Belts,,,,,1.00,Pcs,
"A105 Seet Free",Belts,,,,,1.00,Pcs,
A-105,Belts,,,,,3.00,Pcs,
A-34,Belts,,,,,5.00,Pcs,
A-21,Belts,,,,,3.00,Pcs,
A-30,Belts,,,,,5.00,Pcs,
B-28,Belts,,,,,1.00,Pcs,
A-61,Belts,,,,,4.00,Pcs,
A36,Belts,,,,,4.00,Pcs,
HM-34,Belts,,,,,2.00,Pcs,
A-34,Belts,,,,,2.00,Pcs,
A-33,Belts,,,,,3.00,Pcs,
M-30,Belts,,,,,1.00,Pcs,
C-63,Belts,,,,,1.00,Pcs,
C-65,Belts,,,,,1.00,Pcs,
B-68,Belts,,,,,1.00,Pcs,
B-72,Belts,,,,,1.00,Pcs,
A-71,Belts,,,,,3.00,Pcs,
B-8,Belts,,,,,3.00,Pcs,
B-78,Belts,,,,,3.00,Pcs,
B-72,Belts,,,,,3.00,Pcs,
B-44,Belts,,,,,4.00,Pcs,
B-102,Belts,,,,,6.00,Pcs,
A-39,Belts,,,,,5.00,Pcs,
B-76,Belts,,,,,2.00,Pcs,
A-26,Belts,,,,,0.00,Pcs,
A-35,Belts,,,,,0.00,Pcs,
A-51,Belts,,,,,0.00,Pcs,
A-55,Belts,,,,,0.00,Pcs,
A-65,Belts,,,,,0.00,Pcs,
A-68,Belts,,,,,0.00,Pcs,
A-105,Belts,,,,,0.00,Pcs,
A-22,Belts,,,,,0.00,Pcs,
A-28,Belts,,,,,0.00,Pcs,
A-36,Belts,,,,,0.00,Pcs,
A-39,Belts,,,,,0.00,Pcs,
A-107,Belts,,,,,0.00,Pcs,
A-33,Belts,,,,,0.00,Pcs,
A-30,Belts,,,,,0.00,Pcs,
A-34,Belts,,,,,0.00,Pcs,
M-34,Belts,,,,,0.00,Pcs,
B-56,Belts,,,,,0.00,Pcs,
B-68,Belts,,,,,0.00,Pcs,
B-72,Belts,,,,,0.00,Pcs,
B-80,Belts,,,,,0.00,Pcs,
B-78,Belts,,,,,0.00,Pcs,
B-84,Belts,,,,,0.00,Pcs,
B-85,Belts,,,,,0.00,Pcs,
B-89,Belts,,,,,0.00,Pcs,
B-90,Belts,,,,,0.00,Pcs,
B-79,Belts,,,,,0.00,Pcs,
B-83,Belts,,,,,0.00,Pcs,
B-28,Belts,,,,,0.00,Pcs,
B-38,Belts,,,,,0.00,Pcs,
B-75,Belts,,,,,0.00,Pcs,
B-76,Belts,,,,,0.00,Pcs,
M-36,Belts,,,,,0.00,Pcs,
M-37,Belts,,,,,0.00,Pcs,
M-38,Belts,,,,,0.00,Pcs,
M-39,Belts,,,,,0.00,Pcs,
M-40,Belts,,,,,0.00,Pcs,
M-41,Belts,,,,,0.00,Pcs,
SPA-2682LW,Belts,,,,,0.00,Pcs,
HM-70,Belts,,,,,0.00,Pcs,
SPA-2682LW,Belts,,,,,0.00,Pcs,
STS-260058M,Belts,,,,,0.00,Pcs,
HTD-720*8M,Belts,,,,,13.00,Pcs,
SPAX-1557LW,Belts,,,,,6.00,Pcs,
RECMF-9650,Belts,,,,,0.00,Pcs,
SPAX-1950LW,Belts,,,,,6.00,Pcs,
"HTD 1120*8M",Belts,,,,,1.00,Box,
XPA-1000,Belts,,,,,5.00,Pcs,
HTD-640*8M,Belts,,,,,15.00,Pcs,
"STD1120 58M",Belts,,,,,0.00,Pcs,
HTD960*8M,Belts,,,,,1.00,Pcs,
"RPPP880 P8M",Belts,,,,,0.00,Pcs,
"D 1040*8M",Belts,,,,,0.00,Pcs,
"HTD 1600*8M",Belts,,,,,10.00,Pcs,
"XPA 1120",Belts,,,,,1.00,Pcs,
"58M 720",Belts,,,,,0.00,Pcs,
"HTD 800  5M",Belts,,,,,15.00,Pcs,
"HTD 1320*8M",Belts,,,,,12.00,Pcs,
"S5M  800",Belts,,,,,0.00,Pcs,
"HTD  1280*8M",Belts,,,,,1.00,Pcs,
880*8M,Belts,,,,,0.00,Pcs,
"STS 1440 S8M",Belts,,,,,2.00,Pcs,
HTD-1440*8M,Belts,,,,,17.00,Pcs,
"HTD 880*8M",Belts,,,,,9.00,Pcs,
"HTD 800*8M",Belts,,,,,2.00,Pcs,
25-9*5,Belts,,,,,0.00,Pcs,
"Timming Belt 140",Belts,,,,,0.00,Pcs,
"Filter(Tape Line)",Belts,,,,,0.00,Pcs,
HTD-1140*8M,Belts,,,,,4.00,Pcs,
H-2600*8M,Belts,,,,,2.00,Pcs,
"E02C 880*S8M",Belts,,,,,1.00,Pcs,
XPA-1975,Belts,,,,,1.00,Pcs,
ZR-170*2,Belts,,,,,12.00,Pcs,
HTD-2240*8M,Belts,,,,,1.00,Pcs,
STD1120*S8M,Belts,,,,,2.00,Pcs,
S5M*800,Belts,,,,,1.00,Pcs,
S8M640,Belts,,,,,2.00,Pcs,
STD-984*S8M,Belts,,,,,2.00,Pcs,
HTD-984*8M,Belts,,,,,1.00,Pcs,
S8M1192,Belts,,,,,2.00,Pcs,
JOMO-D8M*1440,Belts,,,,,3.00,Pcs,
OMEGA-1192*P8M,Belts,,,,,3.00,Pcs,
HTD-936*8M,Belts,,,,,8.00,Pcs,
HTD-800*5M,Belts,,,,,6.00,Pcs,
"E02C 880*S8M",Belts,,,,,4.00,Pcs,
Hm-39,Belts,,,,,2.00,Pcs,
Cement,Civil,,,,,0.00,Pcs,
"Rod 3 Suta",Civil,,,,,0.00,Kg,
"Local Sand",Civil,,,,,0.00,Cft,
"Enamel Paint White",Civil,,,,,0.00,Gallon,
"Enamel Paint Light Gray",Civil,,,,,0.00,Gallon,
"Enamel Paint Thinner",Civil,,,,,0.00,Ltr,
"Foam (For Wall Clean)",Civil,,,,,0.00,Pcs,
Elbow,Civil,,,,,0.00,pcs,
Tee,Civil,,,,,0.00,pcs,
Socket,Civil,,,,,0.00,pcs,
"M.S Plug",Civil,,,,,0.00,pcs,
"M.S Union",Civil,,,,,0.00,pcs,
"BIB Cock",Civil,,,,,0.00,pcs,
Tee-Cock,Civil,,,,,0.00,pcs,
"Hand Shower",Civil,,,,,0.00,pcs,
Sitkini,Civil,,,,,0.00,pcs,
"Soap Case",Civil,,,,,0.00,pcs,
"Towel Holder",Civil,,,,,0.00,pcs,
"Sanitary Fixing Sate",Civil,,,,,0.00,pcs,
"M.S Clamp",Civil,,,,,0.00,pcs,
"Basin filter ",Civil,,,,,0.00,pcs,
"Hose Pipe ",Civil,,,,,0.00,pcs,
"Bathroom Filter",Civil,,,,,0.00,pcs,
"Flash Parts Plastic",Civil,,,,,0.00,pcs,
"P.V.C Van",Civil,,,,,0.00,pcs,
"Double Circular Box",Civil,,,,,0.00,pcs,
"Sot Ben ",Civil,,,,,0.00,pcs,
"Were Clamp",Civil,,,,,0.00,pcs,
"G I pipe ",Civil,,,,,0.00,pcs,
Nippol,Civil,,,,,0.00,pcs,
Top,Civil,,,,,0.00,pcs,
"Gate Valve ",Civil,,,,,0.00,pcs,
"Pvc Gum",Civil,,,,,0.00,pcs,
"S S Kobja ",Civil,,,,,0.00,pcs,
"PVC Pipe",Civil,,,,,0.00,set,
"Mail Socket Brush ",Civil,,,,,0.00,pcs,
"Pen Comod ",Civil,,,,,0.00,pcs,
"Ball Valb Key",Civil,,,,,0.00,pcs,
"Colour Tin",Civil,,,,,0.00,pcs,
Cnapy,Civil,,,,,0.00,pcs,
"Toua ",Civil,,,,,0.00,pcs,
"Plastic Bresing Kol",Civil,,,,,0.00,pcs,
"Auto Switch ",Civil,,,,,0.00,pcs,
"Bush Pipe",Civil,,,,,0.00,pcs,
"N Cap",Civil,,,,,0.00,pcs,
"Parging Point",Civil,,,,,0.00,pcs,
"Ball valb T Gard nipple",Civil,,,,,0.00,pcs,
"Presser Gess",Civil,,,,,0.00,pcs,
"Rubber Tube Pipe",Civil,,,,,0.00,pcs,
"S.S Clamp",Civil,,,,,0.00,pcs,
Bearing-32010,Bearing,,,,,7.00,Pcs,
Bearing-32012,Bearing,,,,,2.00,Pcs,
Bearing-7202,Bearing,,,,,16.00,Pcs,
Bearing-32203,Bearing,,,,,4.00,Pcs,
Bearing-30203,Bearing,,,,,6.00,Pcs,
Bearing-22313,Bearing,,,,,1.00,Pcs,
Bearing-30206,Bearing,,,,,14.00,Pcs,
Bearing-6306,Bearing,,,,,25.00,Pcs,
Bearing-61908,Bearing,,,,,31.00,Pcs,
Bearing-22206,Bearing,,,,,20.00,Pcs,
Bearing-61804,Bearing,,,,,60.00,Pcs,
Bearing-6407,Bearing,,,,,8.00,Pcs,
Bearing-HR30208,Bearing,,,,,7.00,Pcs,
Bearing-6212,Bearing,,,,,8.00,Pcs,
Bearing-22216,Bearing,,,,,3.00,Pcs,
Bearing-22218,Bearing,,,,,3.00,Pcs,
Bearing-30207,Bearing,,,,,4.00,Pcs,
Bearing-6308,Bearing,,,,,4.00,Pcs,
Bearing-6309,Bearing,,,,,6.00,Pcs,
Bearing-6310,Bearing,,,,,1.00,Pcs,
Bearing-6311,Bearing,,,,,2.00,Pcs,
"Bearing block FC206",Bearing,,,,,8.00,Pcs,
Bearing-6209,Bearing,,,,,10.00,Pcs,
Bearing-6210,Bearing,,,,,8.00,Pcs,
Bearing-6208,Bearing,,,,,14.00,Pcs,
Bearing-6207,Bearing,,,,,12.00,Pcs,
Bearing-6206,Bearing,,,,,6.00,Pcs,
Bearing-6205,Bearing,,,,,20.00,Pcs,
Bearing-6204,Bearing,,,,,9.00,Pcs,
Bearing-6203,Bearing,,,,,11.00,Pcs,
Bearing-6202,Bearing,,,,,18.00,Pcs,
Bearing-6201,Bearing,,,,,51.00,Pcs,
Bearing-6008,Bearing,,,,,14.00,Pcs,
Bearing-6010,Bearing,,,,,16.00,Pcs,
Bearing-6012,Bearing,,,,,2.00,Pcs,
Bearing-6013,Bearing,,,,,9.00,Pcs,
Bearing-22206,Bearing,,,,,6.00,Pcs,
Bearing-6007,Bearing,,,,,36.00,Pcs,
Bearing-6006,Bearing,,,,,13.00,Pcs,
Bearing-6005,Bearing,,,,,11.00,Pcs,
Bearing-6004,Bearing,,,,,32.00,Pcs,
Bearing-6003,Bearing,,,,,9.00,Pcs,
Bearing-6220,Bearing,,,,,2.00,Pcs,
Bearing-6214,Bearing,,,,,4.00,Pcs,
Bearing-3209,Bearing,,,,,9.00,Pcs,
Bearing-6001,Bearing,,,,,0.00,Pcs,
Bearing-6200,Bearing,,,,,130.00,Pcs,
Bearing-6000,Bearing,,,,,140.00,Pcs,
Bearing-6307,Bearing,,,,,8.00,Pcs,
Bearing-6301,Bearing,,,,,47.00,Pcs,
Bearing-6302,Bearing,,,,,26.00,Pcs,
Bearing-6303,Bearing,,,,,16.00,Pcs,
Bearing-6304,Bearing,,,,,22.00,Pcs,
Bearing-6305,Bearing,,,,,16.00,Pcs,
Bearing-32007,Bearing,,,,,11.00,Pcs,
Bearing-32006,Bearing,,,,,10.00,Pcs,
Bearing-51108,Bearing,,,,,10.00,Pcs,
Bearing-22208,Bearing,,,,,3.00,Pcs,
YAR-212,Bearing,,,,,6.00,Pcs,
Bearing-1516,Bearing,,,,,13.00,Pcs,
Bearing-6020,Bearing,,,,,2.00,Pcs,
Bearing-2416,Bearing,,,,,16.00,Pcs,
Bearing-NK15/20,Bearing,,,,,4.00,Pcs,
Bearing-32206,Bearing,,,,,5.00,Pcs,
Bearing-51202,Bearing,,,,,9.00,Pcs,
Bearing-3208,Bearing,,,,,14.00,Pcs,
Bearing-SCE610,Bearing,,,,,30.00,Pcs,
"Bearing block ",Bearing,,,,,2.00,Pcs,
Bearing-606,Bearing,,,,,45.00,Pcs,
Bearing-R6ZZ,Bearing,,,,,5.00,Pcs,
Bearing-6014,Bearing,,,,,3.00,Pcs,
Bearing-6009,Bearing,,,,,14.00,Pcs,
Bearing-7303,Bearing,,,,,3.00,Pcs,
Bearing-3200,Bearing,,,,,8.00,Pcs,
Bearing-2210,Bearing,,,,,10.00,Pcs,
Bearing-3209,Bearing,,,,,4.00,Pcs,
Bearing-M-10,Bearing,,,,,8.00,Pcs,
Bearing-MK1520,Bearing,,,,,13.00,Pcs,
Bearing-6308,Bearing,,,,,5.00,Pcs,
Bearing-30205,Bearing,,,,,9.00,Pcs,
Bearing-RM307,Bearing,,,,,6.00,Pcs,
Bearing-1215,Bearing,,,,,3.00,Pcs,
Bearing-YAR210,Bearing,,,,,1.00,Pcs,
Bearing-30202,Bearing,,,,,6.00,Pcs,
Bearing-NU210,Bearing,,,,,4.00,Pcs,
Bearing-6217,Bearing,,,,,1.00,Pcs,
Bearing-63009,Bearing,,,,,26.00,Pcs,
" H Proof Bearing-6313",Bearing,,,,,1.00,Pcs,
Bearing-NJ311ECP,Bearing,,,,,2.00,Pcs,
Bearing-22220CC/W33,Bearing,,,,,1.00,Pcs,
Bearing-22220E/C3,Bearing,,,,,4.00,Pcs,
Bearing-63182Z/C3,Bearing,,,,,4.00,Pcs,
Bearing-3216A-2RS1,Bearing,,,,,4.00,Pcs,
Bearing-2906(FBJ),Bearing,,,,,2.00,Pcs,
Bearing-6020ZRS1/C3,Bearing,,,,,2.00,Pcs,
Bearing-30303,Bearing,,,,,18.00,Pcs,
Bearing-30203,Bearing,,,,,5.00,Pcs,
Bearing-6017,Bearing,,,,,2.00,Pcs,
Bearing-30212,Bearing,,,,,2.00,Pcs,
Bearing-5204,Bearing,,,,,6.00,Pcs,
Bearing-32209,Bearing,,,,,5.00,Pcs,
Bearing-61905,Bearing,,,,,7.00,Pcs,
Bearing-BLOCK,Bearing,,,,,10.00,Pcs,
Bearing-32206,Bearing,,,,,7.00,Pcs,
Bearing-6011,Bearing,,,,,3.00,Pcs,
Bearing-61915,Bearing,,,,,3.00,Pcs,
Bearing-32306,Bearing,,,,,7.00,Pcs,
Bearing-1201,Bearing,,,,,20.00,Pcs,
Bearing-1203,Bearing,,,,,6.00,Pcs,
Bearing-O2005,Bearing,,,,,6.00,Pcs,
Bearing-NU210ECM,Bearing,,,,,1.00,Pcs,
Bearing-NU2208ECP,Bearing,,,,,18.00,Pcs,
"Bearing -32207",Bearing,,,,,10.00,Pcs,
Bearing-LBW20UU,Bearing,,,,,9.00,Pcs,
Bearing62-20UU,Bearing,,,,,6.00,Pcs,
"Bearing 22214",Bearing,,,,,2.00,Pcs,
Bearing-6213,Bearing,,,,,2.00,Pcs,
Bearing-6316,Bearing,,,,,2.00,Pcs,
Bearing-51105,Bearing,,,,,5.00,Pcs,
Bearing-61804,Bearing,,,,,1.00,Pcs,
Bearing-5203,Bearing,,,,,2.00,Pcs,
Bearing-6905,Bearing,,,,,1.00,Pcs,
" H Proof Bearing-22313",Bearing,,,,,3.00,Pcs,
Bearing-6208,Bearing,,,,,18.00,Pcs,
Bearing-6306,Bearing,,,,,18.00,Pcs,
"Bearing Yar 205",Bearing,,,,,4.00,Pcs,
"Bearing Yar 210",Bearing,,,,,8.00,Pcs,
"Bearing NU319",Bearing,,,,,1.00,Pcs,
Bearing-22216,Bearing,,,,,1.00,Pcs,
"Bearing-YAR 212",Bearing,,,,,4.00,Pcs,
"Bearing 22218",Bearing,,,,,2.00,Pcs,
Bearing-3208,Bearing,,,,,3.00,Pcs,
Bearing-6020,Bearing,,,,,4.00,Pcs,
Bearing-6302,Bearing,,,,,4.00,Pcs,
Bearing-6309,Bearing,,,,,1.00,Pcs,
Bearing-61909,Bearing,,,,,6.00,Pcs,
" H  Proof Bearing 30210",Bearing,,,,,4.00,Pcs,
Bearing-61800,Bearing,,,,,8.00,Pcs,
Bearing-607,Bearing,,,,,10.00,Pcs,
Bearing-696,Bearing,,,,,11.00,Pcs,
Bearing-626,Bearing,,,,,10.00,Pcs,
" H Proof Bearing 6209",Bearing,,,,,5.00,Pcs,
"H Proof Bearing-6207",Bearing,,,,,12.00,Pcs,
"H Proof Bearing-6305",Bearing,,,,,7.00,Pcs,
"H Proof Bearing-6306",Bearing,,,,,4.00,Pcs,
"H Proof Bearing-6205",Bearing,,,,,5.00,Pcs,
"H Proof Bearing-6307",Bearing,,,,,6.00,Pcs,
"H Proof Bearing-6208",Bearing,,,,,12.00,Pcs,
"H Proof Bearing-6308",Bearing,,,,,6.00,Pcs,
"H Proof Bearing-6206",Bearing,,,,,5.00,Pcs,
,Bearing,,,,,0.00,,
,Bearing,,,,,0.00,,
,Bearing,,,,,0.00,,
,Bearing,,,,,0.00,,
,Bearing,,,,,0.00,,
,Bearing,,,,,0.00,,
,Bearing,,,,,0.00,,
,Bearing,,,,,0.00,,
,Bearing,,,,,0.00,,
